audio,target,prediction,correct
QuranAIProjectpaper/dataset_hijaiyah/alif/alif_017.wav,اَ,اه,False
QuranAIProjectpaper/dataset_hijaiyah/alif/alif_018.wav,اَ,اه,False
QuranAIProjectpaper/dataset_hijaiyah/alif/alif_019.wav,اَ,اه,False
QuranAIProjectpaper/dataset_hijaiyah/alif/alif_020.wav,اَ,آه,False
QuranAIProjectpaper/dataset_hijaiyah/ba/ba_017.wav,بَ,ب...,False
QuranAIProjectpaper/dataset_hijaiyah/ba/ba_018.wav,بَ,بأ,False
QuranAIProjectpaper/dataset_hijaiyah/ba/ba_019.wav,بَ,بأ,False
QuranAIProjectpaper/dataset_hijaiyah/ba/ba_020.wav,بَ,با,False
QuranAIProjectpaper/dataset_hijaiyah/ta/ta_017.wav,تَ,تاااااا,False
QuranAIProjectpaper/dataset_hijaiyah/ta/ta_018.wav,تَ,تاااا,False
QuranAIProjectpaper/dataset_hijaiyah/ta/ta_019.wav,تَ,بأ,False
QuranAIProjectpaper/dataset_hijaiyah/ta/ta_020.wav,تَ,بااااااا,False
QuranAIProjectpaper/dataset_hijaiyah/tsa/tsa_017.wav,ثَ,سه,False
QuranAIProjectpaper/dataset_hijaiyah/tsa/tsa_018.wav,ثَ,سي,False
QuranAIProjectpaper/dataset_hijaiyah/tsa/tsa_019.wav,ثَ,ها,False
QuranAIProjectpaper/dataset_hijaiyah/tsa/tsa_020.wav,ثَ,اوه,False
QuranAIProjectpaper/dataset_hijaiyah/ja/ja_017.wav,جَ,نعم,False
QuranAIProjectpaper/dataset_hijaiyah/ja/ja_018.wav,جَ,يا,False
QuranAIProjectpaper/dataset_hijaiyah/ja/ja_019.wav,جَ,يا,False
QuranAIProjectpaper/dataset_hijaiyah/ja/ja_020.wav,جَ,جه,False
