audio,transcription
dataset_hijaiyah/alif/alif_001.wav,اَ
dataset_hijaiyah/alif/alif_002.wav,اَ
dataset_hijaiyah/alif/alif_003.wav,اَ
dataset_hijaiyah/alif/alif_004.wav,اَ
dataset_hijaiyah/alif/alif_005.wav,اَ
dataset_hijaiyah/alif/alif_006.wav,اَ
dataset_hijaiyah/alif/alif_007.wav,اَ
dataset_hijaiyah/alif/alif_008.wav,اَ
dataset_hijaiyah/alif/alif_009.wav,اَ
dataset_hijaiyah/alif/alif_010.wav,اَ
dataset_hijaiyah/alif/alif_011.wav,اَ
dataset_hijaiyah/alif/alif_012.wav,اَ
dataset_hijaiyah/alif/alif_013.wav,اَ
dataset_hijaiyah/alif/alif_014.wav,اَ
dataset_hijaiyah/alif/alif_015.wav,اَ
dataset_hijaiyah/alif/alif_016.wav,اَ
dataset_hijaiyah/ba/ba_001.wav,بَ
dataset_hijaiyah/ba/ba_002.wav,بَ
dataset_hijaiyah/ba/ba_003.wav,بَ
dataset_hijaiyah/ba/ba_004.wav,بَ
dataset_hijaiyah/ba/ba_005.wav,بَ
dataset_hijaiyah/ba/ba_006.wav,بَ
dataset_hijaiyah/ba/ba_007.wav,بَ
dataset_hijaiyah/ba/ba_008.wav,بَ
dataset_hijaiyah/ba/ba_009.wav,بَ
dataset_hijaiyah/ba/ba_010.wav,بَ
dataset_hijaiyah/ba/ba_011.wav,بَ
dataset_hijaiyah/ba/ba_012.wav,بَ
dataset_hijaiyah/ba/ba_013.wav,بَ
dataset_hijaiyah/ba/ba_014.wav,بَ
dataset_hijaiyah/ba/ba_015.wav,بَ
dataset_hijaiyah/ba/ba_016.wav,بَ
dataset_hijaiyah/ta/ta_001.wav,تَ
dataset_hijaiyah/ta/ta_002.wav,تَ
dataset_hijaiyah/ta/ta_003.wav,تَ
dataset_hijaiyah/ta/ta_004.wav,تَ
dataset_hijaiyah/ta/ta_005.wav,تَ
dataset_hijaiyah/ta/ta_006.wav,تَ
dataset_hijaiyah/ta/ta_007.wav,تَ
dataset_hijaiyah/ta/ta_008.wav,تَ
dataset_hijaiyah/ta/ta_009.wav,تَ
dataset_hijaiyah/ta/ta_010.wav,تَ
dataset_hijaiyah/ta/ta_011.wav,تَ
dataset_hijaiyah/ta/ta_012.wav,تَ
dataset_hijaiyah/ta/ta_013.wav,تَ
dataset_hijaiyah/ta/ta_014.wav,تَ
dataset_hijaiyah/ta/ta_015.wav,تَ
dataset_hijaiyah/ta/ta_016.wav,تَ
dataset_hijaiyah/tsa/tsa_001.wav,ثَ
dataset_hijaiyah/tsa/tsa_002.wav,ثَ
dataset_hijaiyah/tsa/tsa_003.wav,ثَ
dataset_hijaiyah/tsa/tsa_004.wav,ثَ
dataset_hijaiyah/tsa/tsa_005.wav,ثَ
dataset_hijaiyah/tsa/tsa_006.wav,ثَ
dataset_hijaiyah/tsa/tsa_007.wav,ثَ
dataset_hijaiyah/tsa/tsa_008.wav,ثَ
dataset_hijaiyah/tsa/tsa_009.wav,ثَ
dataset_hijaiyah/tsa/tsa_010.wav,ثَ
dataset_hijaiyah/tsa/tsa_011.wav,ثَ
dataset_hijaiyah/tsa/tsa_012.wav,ثَ
dataset_hijaiyah/tsa/tsa_013.wav,ثَ
dataset_hijaiyah/tsa/tsa_014.wav,ثَ
dataset_hijaiyah/tsa/tsa_015.wav,ثَ
dataset_hijaiyah/tsa/tsa_016.wav,ثَ
dataset_hijaiyah/ja/ja_001.wav,جَ
dataset_hijaiyah/ja/ja_002.wav,جَ
dataset_hijaiyah/ja/ja_003.wav,جَ
dataset_hijaiyah/ja/ja_004.wav,جَ
dataset_hijaiyah/ja/ja_005.wav,جَ
dataset_hijaiyah/ja/ja_006.wav,جَ
dataset_hijaiyah/ja/ja_007.wav,جَ
dataset_hijaiyah/ja/ja_008.wav,جَ
dataset_hijaiyah/ja/ja_009.wav,جَ
dataset_hijaiyah/ja/ja_010.wav,جَ
dataset_hijaiyah/ja/ja_011.wav,جَ
dataset_hijaiyah/ja/ja_012.wav,جَ
dataset_hijaiyah/ja/ja_013.wav,جَ
dataset_hijaiyah/ja/ja_014.wav,جَ
dataset_hijaiyah/ja/ja_015.wav,جَ
dataset_hijaiyah/ja/ja_016.wav,جَ